HM_ID	HM_Name	HM_Pinyin
HM00001	示例藥材1	h1
HM00002	示例藥材2	h2
HM00003	示例藥材3	h3
HM00004	示例藥材4	h4
HM00005	示例藥材5	h5
HM00006	示例藥材6	h6
HM00007	示例藥材7	h7
HM00008	示例藥材8	h8
HM00009	示例藥材9	h9
HM00010	示例藥材10	h10
HM00011	示例藥材11	h11
HM00012	示例藥材12	h12
HM00013	示例藥材13	h13
HM00014	示例藥材14	h14
HM00015	示例藥材15	h15
HM00016	示例藥材16	h16
HM00017	示例藥材17	h17
HM00018	示例藥材18	h18
HM00019	示例藥材19	h19
HM00020	示例藥材20	h20
HM00021	示例藥材21	h21
HM00022	示例藥材22	h22
HM00023	示例藥材23	h23
HM00024	示例藥材24	h24
HM00025	示例藥材25	h25
HM00026	示例藥材26	h26
HM00027	示例藥材27	h27
HM00028	示例藥材28	h28
HM00029	示例藥材29	h29
HM00030	示例藥材30	h30
HM00031	示例藥材31	h31
HM00032	示例藥材32	h32
HM00033	示例藥材33	h33
HM00034	示例藥材34	h34
HM00035	示例藥材35	h35
HM00036	示例藥材36	h36
HM00037	示例藥材37	h37
HM00038	示例藥材38	h38
HM00039	示例藥材39	h39
HM00040	示例藥材40	h40
